{
  "accuracy": 0.46357615894039733,
  "f1_binary": 0.36220472440944884
}